STATEID,STATE,FATAL,SERIOUS,MINOR,TOTAL_CASES,NUMBER_INJURED,NUMBER_KILLED,TOTAL_CASUALTY,PEOPLE_INVOLVED,QUARTER,YEAR
FRSC001,Abia,7,5,0,12,45,16,61,81,Q1,2023
FRSC002,Adamawa,13,40,0,53,152,20,172,272,Q1,2023
FRSC003,Akwa Ibom,3,6,0,9,16,3,19,32,Q1,2023
FRSC004,Anambra,4,8,3,15,76,3,79,161,Q1,2023
FRSC005,Bauchi,43,56,11,110,473,139,612,826,Q1,2023
FRSC006,Bayelsa,2,2,2,6,11,1,12,28,Q1,2023
FRSC007,Benue,3,27,7,37,84,4,88,226,Q1,2023
FRSC008,Borno,6,17,3,26,76,9,85,115,Q1,2023
FRSC009,Cross River,5,7,0,12,35,7,42,76,Q1,2023
FRSC010,Delta,12,7,3,22,87,34,121,174,Q1,2023
FRSC011,Ebonyi,9,30,10,49,131,14,145,366,Q1,2023
FRSC012,Edo,14,37,4,55,183,41,224,426,Q1,2023
FRSC013,Ekiti,1,14,7,22,48,2,50,120,Q1,2023
FRSC014,Enugu,10,23,4,37,99,21,120,237,Q1,2023
FRSC015,FCT,71,245,66,382,667,100,767,1663,Q1,2023
FRSC016,Gombe,12,48,1,61,240,26,266,394,Q1,2023
FRSC017,Imo,9,8,1,18,58,11,69,123,Q1,2023
FRSC018,Jigawa,23,105,1,129,400,26,426,717,Q1,2023
FRSC019,Kaduna,65,129,9,203,782,139,921,1730,Q1,2023
FRSC020,Kano,23,39,4,66,309,69,378,587,Q1,2023
FRSC021,Katsina,13,10,0,23,143,29,172,206,Q1,2023
FRSC022,Kebbi,9,18,0,27,128,62,190,252,Q1,2023
FRSC023,Kogi,30,61,6,97,313,64,377,718,Q1,2023
FRSC024,Kwara,28,60,3,91,328,54,382,663,Q1,2023
FRSC025,Lagos,18,60,35,113,230,40,270,613,Q1,2023
FRSC026,Nasarawa,18,118,7,143,315,23,338,565,Q1,2023
FRSC027,Niger,34,83,6,123,407,94,501,895,Q1,2023
FRSC028,Ogun,60,175,34,269,707,113,820,1742,Q1,2023
FRSC029,Ondo,23,71,5,99,239,43,282,618,Q1,2023
FRSC030,Osun,10,54,5,69,255,13,268,559,Q1,2023
FRSC031,Oyo,32,69,5,106,247,53,300,591,Q1,2023
FRSC032,Plateau,23,70,7,100,420,55,475,824,Q1,2023
FRSC033,Rivers,5,8,5,18,37,9,46,80,Q1,2023
FRSC034,Sokoto,9,9,0,18,69,40,109,148,Q1,2023
FRSC035,Taraba,8,47,0,55,201,24,225,397,Q1,2023
FRSC036,Yobe,14,23,1,38,215,26,241,338,Q1,2023
FRSC037,Zamfara,8,12,0,20,113,14,127,189,Q1,2023
FRSC038,Abia,3,6,3,12,22,3,25,78,Q2,2023
FRSC039,Adamawa,5,51,1,57,175,5,180,301,Q2,2023
FRSC040,Akwa Ibom,5,10,2,17,32,6,38,75,Q2,2023
FRSC041,Anambra,10,11,13,34,60,12,72,273,Q2,2023
FRSC042,Bauchi,33,66,1,100,399,84,483,656,Q2,2023
FRSC043,Bayelsa,2,5,0,7,30,8,38,53,Q2,2023
FRSC044,Benue,19,38,0,57,156,29,185,302,Q2,2023
FRSC045,Borno,9,43,2,54,164,13,177,315,Q2,2023
FRSC046,Cross River,9,15,3,27,85,22,107,206,Q2,2023
FRSC047,Delta,9,13,6,28,84,17,101,224,Q2,2023
FRSC048,Ebonyi,15,29,4,48,97,43,140,294,Q2,2023
FRSC049,Edo,27,28,16,71,222,50,272,724,Q2,2023
FRSC050,Ekiti,6,17,5,28,51,9,60,117,Q2,2023
FRSC051,Enugu,13,25,6,44,129,40,169,284,Q2,2023
FRSC052,FCT,52,214,54,320,653,65,718,1713,Q2,2023
FRSC053,Gombe,17,42,1,60,220,30,250,388,Q2,2023
FRSC054,Imo,6,11,3,20,37,8,45,120,Q2,2023
FRSC055,Jigawa,29,77,1,107,291,53,344,591,Q2,2023
FRSC056,Kaduna,61,117,12,190,755,119,874,1489,Q2,2023
FRSC057,Kano,22,60,5,87,272,46,318,556,Q2,2023
FRSC058,Katsina,17,20,0,37,131,34,165,242,Q2,2023
FRSC059,Kebbi,10,25,2,37,89,24,113,207,Q2,2023
FRSC060,Kogi,31,68,8,107,360,57,417,995,Q2,2023
FRSC061,Kwara,18,55,4,77,288,37,325,633,Q2,2023
FRSC062,Lagos,35,58,45,138,209,52,261,689,Q2,2023
FRSC063,Nasarawa,31,167,10,208,532,55,587,1108,Q2,2023
FRSC064,Niger,39,107,4,150,499,78,577,1042,Q2,2023
FRSC065,Ogun,67,172,44,283,621,97,718,1777,Q2,2023
FRSC066,Ondo,29,76,8,113,278,39,317,668,Q2,2023
FRSC067,Osun,18,58,13,89,230,54,284,639,Q2,2023
FRSC068,Oyo,55,83,6,144,370,94,464,779,Q2,2023
FRSC069,Plateau,11,46,4,61,194,33,227,400,Q2,2023
FRSC070,Rivers,8,10,4,22,34,11,45,116,Q2,2023
FRSC071,Sokoto,6,11,0,17,58,8,66,90,Q2,2023
FRSC072,Taraba,8,38,1,47,99,10,109,202,Q2,2023
FRSC073,Yobe,16,33,1,50,305,32,337,438,Q2,2023
FRSC074,Zamfara,5,14,0,19,146,32,178,142,Q2,2023
FRSC075,Abia,2,8,5,15,42,11,53,129,Q3,2023
FRSC076,Adamawa,5,26,1,32,89,6,95,160,Q3,2023
FRSC077,Akwa Ibom,2,6,0,8,14,3,17,22,Q3,2023
FRSC078,Anambra,10,18,6,34,90,19,109,252,Q3,2023
FRSC079,Bauchi,13,35,3,51,159,16,175,309,Q3,2023
FRSC080,Bayelsa,0,2,3,5,2,0,2,22,Q3,2023
FRSC081,Benue,10,45,0,55,176,13,189,320,Q3,2023
FRSC082,Borno,9,19,0,28,93,17,110,199,Q3,2023
FRSC083,Cross River,3,11,4,18,25,12,37,141,Q3,2023
FRSC084,Delta,15,11,4,30,63,15,78,154,Q3,2023
FRSC085,Ebonyi,7,12,0,19,39,10,49,104,Q3,2023
FRSC086,Edo,10,20,3,33,79,16,95,266,Q3,2023
FRSC087,Ekiti,10,15,4,29,53,23,76,146,Q3,2023
FRSC088,Enugu,13,16,3,32,96,31,127,248,Q3,2023
FRSC089,FCT,63,216,70,349,607,82,689,1824,Q3,2023
FRSC090,Gombe,7,29,4,40,140,11,151,302,Q3,2023
FRSC091,Imo,7,10,3,20,107,10,117,211,Q3,2023
FRSC092,Jigawa,12,52,0,64,217,21,238,386,Q3,2023
FRSC093,Kaduna,42,71,4,117,481,82,563,1038,Q3,2023
FRSC094,Kano,15,27,1,43,132,24,156,240,Q3,2023
FRSC095,Katsina,6,12,0,18,78,13,91,132,Q3,2023
FRSC096,Kebbi,0,10,0,10,14,0,14,21,Q3,2023
FRSC097,Kogi,27,58,11,96,355,52,407,815,Q3,2023
FRSC098,Kwara,23,43,7,73,222,51,273,506,Q3,2023
FRSC099,Lagos,18,64,24,106,164,34,198,508,Q3,2023
FRSC100,Nasarawa,23,128,11,162,411,37,448,826,Q3,2023
FRSC101,Niger,27,69,5,101,382,56,438,779,Q3,2023
FRSC102,Ogun,51,133,28,212,584,82,666,1479,Q3,2023
FRSC103,Ondo,26,38,4,68,161,44,205,433,Q3,2023
FRSC104,Osun,20,36,11,67,239,41,280,571,Q3,2023
FRSC105,Oyo,36,74,8,118,332,45,377,737,Q3,2023
FRSC106,Plateau,4,35,5,44,100,4,104,178,Q3,2023
FRSC107,Rivers,2,9,2,13,49,3,52,140,Q3,2023
FRSC108,Sokoto,5,9,1,15,36,11,47,58,Q3,2023
FRSC109,Taraba,0,24,0,24,79,0,79,162,Q3,2023
FRSC110,Yobe,8,19,1,28,93,12,105,132,Q3,2023
FRSC111,Zamfara,1,9,0,10,38,1,39,49,Q3,2023
FRSC112,Abia,9,15,2,26,159,14,173,298,Q4,2023
FRSC113,Adamawa,9,33,0,42,153,11,164,327,Q4,2023
FRSC114,Akwa Ibom,5,4,3,12,24,15,39,66,Q4,2023
FRSC115,Anambra,8,13,11,32,71,9,80,288,Q4,2023
FRSC116,Bauchi,23,59,1,83,361,46,407,657,Q4,2023
FRSC117,Bayelsa,0,2,1,3,14,0,14,17,Q4,2023
FRSC118,Benue,13,25,4,42,114,23,137,227,Q4,2023
FRSC119,Borno,4,15,0,19,210,5,215,313,Q4,2023
FRSC120,Cross River,9,14,3,26,42,16,58,130,Q4,2023
FRSC121,Delta,11,26,1,38,123,29,152,303,Q4,2023
FRSC122,Ebonyi,8,15,2,25,72,11,83,129,Q4,2023
FRSC123,Edo,12,29,5,46,102,16,118,247,Q4,2023
FRSC124,Ekiti,2,18,4,24,37,2,39,80,Q4,2023
FRSC125,Enugu,9,29,4,42,193,16,209,332,Q4,2023
FRSC126,FCT,47,199,50,296,548,69,617,1635,Q4,2023
FRSC127,Gombe,18,96,4,118,464,29,493,827,Q4,2023
FRSC128,Imo,12,13,4,29,72,24,96,197,Q4,2023
FRSC129,Jigawa,18,93,3,114,460,36,496,769,Q4,2023
FRSC130,Kaduna,71,131,7,209,889,150,1039,1838,Q4,2023
FRSC131,Kano,23,35,1,59,265,62,327,461,Q4,2023
FRSC132,Katsina,13,27,0,40,207,45,252,356,Q4,2023
FRSC133,Kebbi,15,35,0,50,219,40,259,606,Q4,2023
FRSC134,Kogi,32,71,4,107,355,65,420,1015,Q4,2023
FRSC135,Kwara,24,44,7,75,316,57,373,605,Q4,2023
FRSC136,Lagos,13,47,41,101,127,17,144,475,Q4,2023
FRSC137,Nasarawa,25,153,34,212,555,32,587,993,Q4,2023
FRSC138,Niger,39,59,1,99,649,97,746,1048,Q4,2023
FRSC139,Ogun,66,114,22,202,521,102,623,1343,Q4,2023
FRSC140,Ondo,35,60,5,100,264,54,318,704,Q4,2023
FRSC141,Osun,26,54,16,96,287,47,334,712,Q4,2023
FRSC142,Oyo,38,82,7,127,372,78,450,828,Q4,2023
FRSC143,Plateau,13,57,4,74,244,28,272,461,Q4,2023
FRSC144,Rivers,3,9,4,16,28,3,31,113,Q4,2023
FRSC145,Sokoto,6,19,0,25,110,13,123,175,Q4,2023
FRSC146,Taraba,4,39,0,43,113,13,126,214,Q4,2023
FRSC147,Yobe,18,30,2,50,340,31,371,494,Q4,2023
FRSC148,Zamfara,6,8,1,15,36,18,54,131,Q4,2023
FRSC149,Abia,5,12,2,19,45,5,50,94,Q1,2024
FRSC150,Adamawa,10,14,5,29,163,27,190,296,Q1,2024
FRSC151,Akwa Ibom,3,5,2,10,23,5,28,57,Q1,2024
FRSC152,Anambra,11,16,4,31,73,13,86,222,Q1,2024
FRSC153,Bauchi,25,72,2,99,442,45,487,812,Q1,2024
FRSC154,Bayelsa,4,7,2,13,26,5,31,113,Q1,2024
FRSC155,Benue,25,53,5,83,317,49,366,692,Q1,2024
FRSC156,Borno,2,22,2,26,173,3,176,219,Q1,2024
FRSC157,Cross River,9,20,3,32,112,15,127,180,Q1,2024
FRSC158,Delta,10,17,4,31,76,18,94,173,Q1,2024
FRSC159,Ebonyi,8,18,17,43,60,19,79,148,Q1,2024
FRSC160,Edo,21,28,12,61,159,39,198,401,Q1,2024
FRSC161,Ekiti,7,16,1,24,55,9,64,114,Q1,2024
FRSC162,Enugu,12,28,4,44,164,24,188,363,Q1,2024
FRSC163,FCT,43,178,52,273,504,62,566,1531,Q1,2024
FRSC164,Gombe,20,64,4,88,349,44,393,865,Q1,2024
FRSC165,Imo,18,13,3,34,134,36,170,279,Q1,2024
FRSC166,Jigawa,17,75,3,95,308,41,349,526,Q1,2024
FRSC167,Kaduna,68,107,5,180,828,171,999,1706,Q1,2024
FRSC168,Kano,14,39,1,54,236,30,266,495,Q1,2024
FRSC169,Katsina,16,19,0,35,133,38,171,242,Q1,2024
FRSC170,Kebbi,11,22,0,33,250,41,291,449,Q1,2024
FRSC171,Kogi,38,70,13,121,500,83,583,1141,Q1,2024
FRSC172,Kwara,28,38,8,74,300,70,370,709,Q1,2024
FRSC173,Lagos,15,62,36,113,165,18,183,540,Q1,2024
FRSC174,Nasarawa,24,138,7,169,438,41,479,885,Q1,2024
FRSC175,Niger,38,85,4,127,433,119,552,1115,Q1,2024
FRSC176,Ogun,53,131,16,200,542,98,640,1266,Q1,2024
FRSC177,Ondo,20,58,6,84,245,35,280,537,Q1,2024
FRSC178,Osun,29,61,10,100,376,96,472,863,Q1,2024
FRSC179,Oyo,40,77,14,131,298,68,366,967,Q1,2024
FRSC180,Plateau,11,63,3,77,185,15,200,426,Q1,2024
FRSC181,Rivers,4,10,1,15,32,4,36,60,Q1,2024
FRSC182,Sokoto,14,10,0,24,122,41,163,236,Q1,2024
FRSC183,Taraba,7,31,0,38,98,17,115,231,Q1,2024
FRSC184,Yobe,8,28,3,39,234,13,247,378,Q1,2024
FRSC185,Zamfara,5,8,0,13,61,14,75,130,Q1,2024
FRSC186,Abia,6,12,2,20,86,15,101,177,Q2,2024
FRSC187,Adamawa,3,37,4,44,145,7,152,253,Q2,2024
FRSC188,Akwa Ibom,6,5,2,13,35,12,47,84,Q2,2024
FRSC189,Anambra,9,11,3,23,68,11,79,184,Q2,2024
FRSC190,Bauchi,24,31,0,55,305,54,359,578,Q2,2024
FRSC191,Bayelsa,1,6,2,9,16,6,22,47,Q2,2024
FRSC192,Benue,14,50,5,69,267,37,304,501,Q2,2024
FRSC193,Borno,3,8,1,12,26,3,29,44,Q2,2024
FRSC194,Cross River,7,10,3,20,36,8,44,92,Q2,2024
FRSC195,Delta,11,24,2,37,144,17,161,264,Q2,2024
FRSC196,Ebonyi,9,9,0,18,45,12,57,105,Q2,2024
FRSC197,Edo,13,29,8,50,117,16,133,317,Q2,2024
FRSC198,Ekiti,3,16,2,21,60,3,63,120,Q2,2024
FRSC199,Enugu,11,30,5,46,175,35,210,445,Q2,2024
FRSC200,FCT,47,191,54,292,695,71,766,1837,Q2,2024
FRSC201,Gombe,19,47,5,71,243,33,276,489,Q2,2024
FRSC202,Imo,6,6,0,12,74,21,95,127,Q2,2024
FRSC203,Jigawa,17,43,0,60,185,26,211,366,Q2,2024
FRSC204,Kaduna,49,106,2,157,765,124,889,1559,Q2,2024
FRSC205,Kano,24,23,1,48,233,74,307,426,Q2,2024
FRSC206,Katsina,10,16,0,26,107,18,125,226,Q2,2024
FRSC207,Kebbi,11,16,0,27,65,16,81,161,Q2,2024
FRSC208,Kogi,36,60,9,105,330,89,419,853,Q2,2024
FRSC209,Kwara,15,34,3,52,210,44,254,405,Q2,2024
FRSC210,Lagos,22,77,48,147,186,31,217,657,Q2,2024
FRSC211,Nasarawa,35,125,4,164,485,55,540,870,Q2,2024
FRSC212,Niger,38,81,2,121,441,94,535,826,Q2,2024
FRSC213,Ogun,57,102,20,179,519,92,611,1371,Q2,2024
FRSC214,Ondo,35,52,7,94,226,50,276,591,Q2,2024
FRSC215,Osun,26,55,6,87,291,37,328,700,Q2,2024
FRSC216,Oyo,41,83,9,133,421,103,524,1056,Q2,2024
FRSC217,Plateau,11,47,6,64,189,13,202,430,Q2,2024
FRSC218,Rivers,6,5,2,13,31,14,45,86,Q2,2024
FRSC219,Sokoto,9,15,1,25,107,19,126,211,Q2,2024
FRSC220,Taraba,4,28,0,32,83,8,91,159,Q2,2024
FRSC221,Yobe,16,22,0,38,155,21,176,289,Q2,2024
FRSC222,Zamfara,7,13,0,20,84,16,100,187,Q2,2024
FRSC223,Abia,5,10,0,15,104,17,121,196,Q3,2024
FRSC224,Adamawa,6,35,2,43,107,10,117,203,Q3,2024
FRSC225,Akwa Ibom,3,2,2,7,13,4,17,51,Q3,2024
FRSC226,Anambra,9,11,1,21,49,15,64,140,Q3,2024
FRSC227,Bauchi,11,35,0,46,260,17,277,411,Q3,2024
FRSC228,Bayelsa,1,4,0,5,18,1,19,27,Q3,2024
FRSC229,Benue,13,30,2,45,121,25,146,231,Q3,2024
FRSC230,Borno,3,9,1,13,42,5,47,85,Q3,2024
FRSC231,Cross River,5,10,2,17,34,6,40,87,Q3,2024
FRSC232,Delta,7,14,4,25,65,10,75,114,Q3,2024
FRSC233,Ebonyi,9,9,4,22,29,11,40,94,Q3,2024
FRSC234,Edo,9,23,3,35,99,12,111,245,Q3,2024
FRSC235,Ekiti,5,15,1,21,53,7,60,125,Q3,2024
FRSC236,Enugu,8,17,3,28,66,14,80,272,Q3,2024
FRSC237,FCT,37,95,27,159,323,56,379,881,Q3,2024
FRSC238,Gombe,8,49,3,60,226,13,239,395,Q3,2024
FRSC239,Imo,4,9,1,14,39,1,40,93,Q3,2024
FRSC240,Jigawa,28,89,0,117,539,73,612,961,Q3,2024
FRSC241,Kaduna,36,82,6,124,504,106,610,1200,Q3,2024
FRSC242,Kano,14,20,1,35,177,59,236,322,Q3,2024
FRSC243,Katsina,8,9,0,17,90,26,116,123,Q3,2024
FRSC244,Kebbi,9,20,1,30,99,32,131,274,Q3,2024
FRSC245,Kogi,21,44,11,76,253,27,280,685,Q3,2024
FRSC246,Kwara,14,37,2,53,198,32,230,395,Q3,2024
FRSC247,Lagos,21,54,32,107,161,24,185,513,Q3,2024
FRSC248,Nasarawa,10,88,3,101,303,17,320,549,Q3,2024
FRSC249,Niger,33,50,1,84,369,113,482,788,Q3,2024
FRSC250,Ogun,47,114,29,190,477,91,568,1506,Q3,2024
FRSC251,Ondo,19,38,7,64,122,41,163,324,Q3,2024
FRSC252,Osun,22,41,4,67,263,44,307,626,Q3,2024
FRSC253,Oyo,36,86,7,129,368,67,435,792,Q3,2024
FRSC254,Plateau,8,43,1,52,154,14,168,281,Q3,2024
FRSC255,Rivers,5,5,3,13,24,5,29,64,Q3,2024
FRSC256,Sokoto,7,12,0,19,52,16,68,149,Q3,2024
FRSC257,Taraba,4,24,1,29,66,5,71,143,Q3,2024
FRSC258,Yobe,6,32,1,39,167,7,174,302,Q3,2024
FRSC259,Zamfara,4,7,0,11,30,12,42,57,Q3,2024
