STATEID,STATE,SPV,UPD,TBT,MDV,BFL,OVL,DOT,WOT,DGD,BRD,RTV,OBS,SOS,DAD,PWR,FTQ,SLV,OTHERS,TOTAL,QUARTER,YEAR
FRSC001,Abia,7,0,3,0,0,1,0,0,2,0,0,0,0,0,0,0,1,0,14,Q1,2023
FRSC002,Adamawa,35,0,0,1,0,1,0,4,5,0,1,0,0,0,0,0,7,2,56,Q1,2023
FRSC003,Akwa Ibom,4,0,1,0,0,0,0,1,2,0,1,0,0,0,0,0,1,1,11,Q1,2023
FRSC004,Anambra,8,0,0,3,1,0,0,2,0,0,2,0,0,0,0,0,1,2,19,Q1,2023
FRSC005,Bauchi,79,0,12,3,2,2,1,24,5,2,4,4,0,0,0,0,7,10,155,Q1,2023
FRSC006,Bayelsa,8,0,1,0,0,1,0,0,0,0,0,0,0,0,0,0,0,0,10,Q1,2023
FRSC007,Benue,19,0,1,2,1,0,0,3,1,0,4,1,0,0,0,0,0,5,37,Q1,2023
FRSC008,Borno,6,0,7,1,0,0,0,0,2,0,0,0,0,0,0,0,9,1,26,Q1,2023
FRSC009,Cross River,12,0,0,0,2,0,0,0,0,0,1,0,0,0,0,0,0,0,15,Q1,2023
FRSC010,Delta,15,0,7,0,0,1,0,2,0,0,0,0,2,0,0,0,7,0,34,Q1,2023
FRSC011,Ebonyi,28,0,2,2,0,1,0,2,1,0,0,0,0,1,0,0,0,16,53,Q1,2023
FRSC012,Edo,25,0,6,11,9,2,0,4,3,0,0,0,0,0,0,0,33,1,94,Q1,2023
FRSC013,Ekiti,39,0,1,2,4,0,0,0,1,0,1,0,0,1,0,0,1,0,50,Q1,2023
FRSC014,Enugu,28,0,0,0,7,0,0,1,3,0,2,0,0,0,0,0,4,3,48,Q1,2023
FRSC015,FCT,300,0,21,6,11,2,3,3,33,5,27,5,0,0,2,6,179,13,616,Q1,2023
FRSC016,Gombe,47,2,0,1,0,0,0,0,14,0,4,0,0,0,0,0,18,1,87,Q1,2023
FRSC017,Imo,8,0,0,0,2,0,0,2,0,1,0,0,0,0,0,0,0,1,14,Q1,2023
FRSC018,Jigawa,185,0,6,0,0,3,0,7,6,0,5,0,0,0,0,0,0,14,226,Q1,2023
FRSC019,Kaduna,109,0,11,3,0,0,1,17,26,3,16,0,0,0,0,8,0,1,195,Q1,2023
FRSC020,Kano,53,0,5,1,0,1,0,3,6,0,1,1,0,0,0,0,5,2,78,Q1,2023
FRSC021,Katsina,18,0,1,0,0,1,0,1,1,0,1,0,0,0,0,0,2,0,25,Q1,2023
FRSC022,Kebbi,25,0,0,0,0,1,0,1,2,0,0,0,0,0,0,0,1,1,31,Q1,2023
FRSC023,Kogi,73,1,12,7,9,0,0,13,2,0,8,0,1,0,0,1,0,4,131,Q1,2023
FRSC024,Kwara,88,0,11,8,5,0,0,16,1,0,3,1,0,1,0,0,2,3,139,Q1,2023
FRSC025,Lagos,66,0,3,8,12,0,0,9,1,0,4,0,0,0,0,1,0,9,113,Q1,2023
FRSC026,Nasarawa,73,0,4,5,4,4,0,19,16,0,9,1,0,0,0,0,34,14,183,Q1,2023
FRSC027,Niger,103,0,5,1,7,3,2,13,6,0,2,1,0,0,1,3,4,10,161,Q1,2023
FRSC028,Ogun,320,0,14,14,16,3,0,18,4,0,20,5,4,1,0,6,7,25,457,Q1,2023
FRSC029,Ondo,70,1,12,0,4,0,0,1,12,1,6,1,1,0,0,1,0,2,112,Q1,2023
FRSC030,Osun,53,0,11,2,0,0,4,2,1,0,8,0,0,0,0,0,0,2,83,Q1,2023
FRSC031,Oyo,84,0,8,5,9,2,3,6,12,2,3,0,0,0,0,1,0,1,136,Q1,2023
FRSC032,Plateau,42,0,1,18,11,2,1,13,18,0,0,3,0,0,0,0,2,9,120,Q1,2023
FRSC033,Rivers,16,0,0,0,1,0,0,0,1,0,2,0,0,1,0,0,0,0,21,Q1,2023
FRSC034,Sokoto,14,0,1,0,0,0,0,0,3,0,0,0,0,0,0,0,2,3,23,Q1,2023
FRSC035,Taraba,9,0,3,0,0,0,0,3,14,0,3,1,0,0,0,0,21,2,56,Q1,2023
FRSC036,Yobe,36,0,6,5,0,1,0,3,1,0,2,0,1,0,0,0,0,2,57,Q1,2023
FRSC037,Zamfara,14,0,0,0,0,3,0,4,0,0,1,0,0,0,0,0,2,0,24,Q1,2023
FRSC038,Abia,2,0,5,1,0,0,0,0,0,0,0,0,0,0,0,0,0,3,11,Q2,2023
FRSC039,Adamawa,39,0,0,0,1,1,0,11,3,0,2,0,0,0,0,0,4,0,61,Q2,2023
FRSC040,Akwa Ibom,12,0,0,0,2,0,0,1,3,0,0,0,0,0,0,0,0,1,19,Q2,2023
FRSC041,Anambra,11,0,1,1,8,1,0,7,0,0,0,0,0,0,0,1,4,0,34,Q2,2023
FRSC042,Bauchi,80,0,21,8,0,1,0,8,4,0,2,2,0,0,0,0,3,4,133,Q2,2023
FRSC043,Bayelsa,3,0,2,0,0,1,0,3,0,0,0,0,0,0,0,0,0,0,9,Q2,2023
FRSC044,Benue,47,0,2,0,0,0,0,6,0,0,1,0,0,0,0,0,0,1,57,Q2,2023
FRSC045,Borno,20,0,10,2,0,0,0,5,3,0,1,0,0,0,0,0,13,1,55,Q2,2023
FRSC046,Cross River,25,0,2,0,0,0,0,5,0,0,0,0,0,0,0,0,0,0,32,Q2,2023
FRSC047,Delta,14,1,6,0,6,0,0,4,1,0,0,0,2,1,0,0,5,0,40,Q2,2023
FRSC048,Ebonyi,35,0,4,1,2,1,0,2,2,0,5,0,0,0,0,0,0,1,53,Q2,2023
FRSC049,Edo,35,0,2,0,24,0,0,4,1,0,1,0,0,0,0,0,27,3,97,Q2,2023
FRSC050,Ekiti,38,2,1,0,4,0,0,2,0,0,0,1,0,0,0,0,1,2,51,Q2,2023
FRSC051,Enugu,26,0,4,0,22,0,0,8,3,0,3,0,0,0,0,0,0,2,68,Q2,2023
FRSC052,FCT,285,1,11,8,6,0,3,1,19,6,13,8,0,1,2,0,136,2,502,Q2,2023
FRSC053,Gombe,40,0,4,2,2,0,0,4,11,0,2,1,0,0,0,0,4,0,70,Q2,2023
FRSC054,Imo,16,0,2,0,2,0,0,1,1,0,0,0,0,0,0,0,0,3,25,Q2,2023
FRSC055,Jigawa,136,0,15,4,0,7,0,2,3,0,5,16,0,0,0,0,1,5,194,Q2,2023
FRSC056,Kaduna,125,0,7,2,2,1,7,18,23,2,6,4,0,1,0,7,5,8,218,Q2,2023
FRSC057,Kano,54,0,4,3,2,2,0,6,8,0,11,2,0,0,0,1,19,3,115,Q2,2023
FRSC058,Katsina,31,0,5,0,0,1,0,2,0,0,0,0,0,0,0,0,8,0,47,Q2,2023
FRSC059,Kebbi,26,0,0,0,0,0,1,0,1,0,2,0,0,0,0,0,1,1,32,Q2,2023
FRSC060,Kogi,64,0,7,7,6,0,0,14,2,0,5,2,1,0,0,0,0,10,118,Q2,2023
FRSC061,Kwara,95,0,6,2,0,0,0,10,0,0,8,2,0,0,0,0,4,0,127,Q2,2023
FRSC062,Lagos,77,0,2,13,9,0,0,13,8,0,7,0,0,4,0,0,0,5,138,Q2,2023
FRSC063,Nasarawa,140,0,6,3,3,6,0,6,37,0,24,0,0,0,0,0,36,13,274,Q2,2023
FRSC064,Niger,128,1,2,3,4,2,0,10,6,1,5,1,0,1,1,2,6,4,177,Q2,2023
FRSC065,Ogun,340,1,37,20,22,3,0,14,15,2,22,2,4,0,0,2,4,14,502,Q2,2023
FRSC066,Ondo,83,1,6,2,3,1,1,12,6,0,4,3,3,0,1,1,0,2,129,Q2,2023
FRSC067,Osun,56,0,12,0,4,1,3,5,1,0,11,0,0,0,0,0,0,2,95,Q2,2023
FRSC068,Oyo,87,2,5,5,9,2,2,6,19,2,12,0,1,0,1,0,0,2,155,Q2,2023
FRSC069,Plateau,25,0,6,6,11,0,0,6,6,0,3,4,0,0,0,1,1,2,71,Q2,2023
FRSC070,Rivers,18,0,2,2,1,0,0,2,1,0,5,0,0,0,0,0,0,0,31,Q2,2023
FRSC071,Sokoto,13,0,2,1,0,1,0,2,10,0,0,0,0,0,0,0,0,1,30,Q2,2023
FRSC072,Taraba,22,0,2,1,0,0,0,6,12,0,2,0,0,0,0,0,17,1,63,Q2,2023
FRSC073,Yobe,36,0,7,0,0,3,0,8,2,0,4,0,0,0,0,0,2,2,64,Q2,2023
FRSC074,Zamfara,14,1,1,1,0,0,1,2,0,0,3,0,0,0,0,0,0,0,23,Q2,2023
FRSC075,Abia,5,0,7,2,4,0,0,0,0,0,0,0,0,0,0,0,0,0,18,Q3,2023
FRSC076,Adamawa,21,0,1,1,2,0,0,2,4,0,0,0,0,0,0,0,2,0,33,Q3,2023
FRSC077,Akwa Ibom,9,0,0,0,0,0,0,0,0,0,0,0,0,0,0,0,0,1,10,Q3,2023
FRSC078,Anambra,14,1,4,0,10,0,0,10,0,0,0,1,0,0,0,0,0,2,42,Q3,2023
FRSC079,Bauchi,36,0,9,4,0,1,0,2,1,1,1,1,0,0,0,0,0,1,57,Q3,2023
FRSC080,Bayelsa,6,0,0,0,0,0,0,1,0,0,0,0,0,0,0,0,0,0,7,Q3,2023
FRSC081,Benue,44,0,3,1,1,0,0,2,1,0,3,0,0,0,0,0,1,1,57,Q3,2023
FRSC082,Borno,8,0,2,0,0,2,0,6,0,0,1,0,0,0,0,0,7,0,26,Q3,2023
FRSC083,Cross River,10,0,1,0,7,0,0,2,0,0,0,0,0,0,0,0,1,0,21,Q3,2023
FRSC084,Delta,17,0,5,0,3,0,0,3,0,0,5,1,0,0,0,0,6,2,42,Q3,2023
FRSC085,Ebonyi,12,0,1,0,0,0,0,4,0,0,1,0,0,0,0,0,0,0,18,Q3,2023
FRSC086,Edo,40,0,2,2,11,0,0,1,0,1,1,0,0,0,0,0,3,0,61,Q3,2023
FRSC087,Ekiti,28,0,1,0,1,0,0,1,0,0,1,0,0,1,0,0,16,1,50,Q3,2023
FRSC088,Enugu,18,0,1,0,14,0,0,1,1,0,0,0,0,0,0,0,1,0,36,Q3,2023
FRSC089,FCT,278,0,17,12,9,0,4,8,16,0,33,0,0,2,1,1,119,11,511,Q3,2023
FRSC090,Gombe,17,0,8,5,2,0,0,3,3,0,2,0,0,0,0,0,0,0,40,Q3,2023
FRSC091,Imo,9,0,4,0,4,0,0,1,2,0,0,0,0,0,0,0,0,0,20,Q3,2023
FRSC092,Jigawa,89,0,8,0,0,5,0,2,1,0,3,8,0,0,1,0,2,1,120,Q3,2023
FRSC093,Kaduna,71,0,7,1,0,1,2,7,8,2,5,1,0,0,0,4,3,3,115,Q3,2023
FRSC094,Kano,25,0,1,1,0,1,0,5,7,0,5,1,0,0,0,0,4,2,52,Q3,2023
FRSC095,Katsina,17,0,3,1,0,0,0,3,0,0,0,1,0,0,1,0,1,6,33,Q3,2023
FRSC096,Kebbi,10,0,0,0,0,0,0,0,0,0,0,0,0,0,0,0,0,0,10,Q3,2023
FRSC097,Kogi,21,2,13,2,9,0,0,5,1,0,5,2,8,0,0,0,40,4,112,Q3,2023
FRSC098,Kwara,30,0,5,4,2,0,0,19,7,0,2,0,0,0,0,0,39,2,110,Q3,2023
FRSC099,Lagos,56,0,4,12,8,0,0,5,7,0,10,0,0,1,0,0,0,7,110,Q3,2023
FRSC100,Nasarawa,113,1,14,6,2,2,0,9,21,0,17,1,0,1,1,0,24,8,220,Q3,2023
FRSC101,Niger,98,1,4,4,3,0,0,13,4,1,4,1,0,1,0,2,0,2,138,Q3,2023
FRSC102,Ogun,262,0,28,4,9,4,0,25,11,0,27,3,0,0,0,0,13,10,396,Q3,2023
FRSC103,Ondo,68,0,5,1,3,0,0,7,3,0,8,0,1,0,0,4,1,1,102,Q3,2023
FRSC104,Osun,59,0,6,1,5,1,0,5,0,1,8,0,1,0,0,0,0,8,95,Q3,2023
FRSC105,Oyo,106,0,12,0,5,2,0,10,6,0,7,0,0,0,0,0,0,12,160,Q3,2023
FRSC106,Plateau,32,0,0,0,7,0,0,5,3,0,0,0,0,0,0,0,1,2,50,Q3,2023
FRSC107,Rivers,11,0,4,0,3,0,0,0,2,0,1,0,0,0,0,0,0,0,21,Q3,2023
FRSC108,Sokoto,14,0,0,0,0,2,0,2,4,0,2,0,0,0,0,0,0,0,24,Q3,2023
FRSC109,Taraba,8,0,1,0,0,0,0,1,9,0,3,0,0,0,0,0,6,0,28,Q3,2023
FRSC110,Yobe,11,0,9,2,0,0,0,2,2,0,2,0,0,0,0,0,4,1,33,Q3,2023
FRSC111,Zamfara,8,0,0,0,0,0,0,2,1,0,0,0,0,0,0,0,2,0,13,Q3,2023
FRSC112,Abia,13,0,9,0,4,0,0,1,0,0,1,0,0,1,0,0,2,0,31,Q4,2023
FRSC113,Adamawa,34,1,3,1,2,0,0,8,3,0,2,0,0,0,0,0,3,0,57,Q4,2023
FRSC114,Akwa Ibom,8,0,0,0,0,0,0,3,3,0,0,0,0,0,1,0,0,0,15,Q4,2023
FRSC115,Anambra,11,0,1,1,8,0,0,11,0,0,0,1,0,0,0,0,2,1,36,Q4,2023
FRSC116,Bauchi,55,0,13,0,2,1,0,3,2,1,8,9,0,0,0,2,7,33,136,Q4,2023
FRSC117,Bayelsa,0,0,1,0,0,0,0,2,0,0,0,0,0,0,0,0,1,0,4,Q4,2023
FRSC118,Benue,27,0,3,2,0,0,1,3,2,1,2,0,0,0,0,0,0,1,42,Q4,2023
FRSC119,Borno,4,0,1,0,0,0,0,3,0,0,0,0,0,0,0,0,15,9,32,Q4,2023
FRSC120,Cross River,15,0,1,1,2,0,3,2,0,1,0,0,0,0,0,0,1,2,28,Q4,2023
FRSC121,Delta,20,1,2,0,4,1,0,6,0,0,2,0,0,0,0,1,3,1,41,Q4,2023
FRSC122,Ebonyi,15,0,2,0,1,0,0,5,0,0,2,0,0,0,0,0,0,3,28,Q4,2023
FRSC123,Edo,38,0,4,0,9,0,0,3,1,0,7,0,0,0,0,0,4,1,67,Q4,2023
FRSC124,Ekiti,30,0,1,4,1,0,0,1,0,0,0,0,0,1,0,0,4,0,42,Q4,2023
FRSC125,Enugu,31,0,1,0,13,0,0,3,1,0,3,0,0,0,0,0,0,0,52,Q4,2023
FRSC126,FCT,258,2,9,2,2,0,3,2,11,0,17,0,0,0,0,1,71,4,382,Q4,2023
FRSC127,Gombe,57,0,4,7,5,2,1,9,12,0,2,1,0,0,0,0,0,0,100,Q4,2023
FRSC128,Imo,17,0,0,0,4,0,0,4,4,0,0,0,0,3,1,0,0,0,33,Q4,2023
FRSC129,Jigawa,160,0,14,4,0,5,1,7,1,0,3,10,0,0,0,3,2,1,211,Q4,2023
FRSC130,Kaduna,118,0,25,4,2,4,2,6,15,4,18,0,0,1,0,9,1,9,218,Q4,2023
FRSC131,Kano,54,0,2,0,0,3,0,5,4,0,1,0,0,0,0,0,7,1,77,Q4,2023
FRSC132,Katsina,30,0,7,0,0,1,0,4,3,0,1,0,0,0,0,0,0,3,49,Q4,2023
FRSC133,Kebbi,46,0,0,0,0,0,0,1,3,0,1,0,0,0,0,0,1,0,52,Q4,2023
FRSC134,Kogi,67,0,7,11,9,4,1,9,1,1,0,0,1,0,0,0,17,0,128,Q4,2023
FRSC135,Kwara,47,1,1,6,11,0,0,20,2,2,2,2,0,0,0,2,11,3,110,Q4,2023
FRSC136,Lagos,65,1,4,7,6,0,0,6,3,0,4,0,0,0,0,1,0,5,102,Q4,2023
FRSC137,Nasarawa,148,0,12,5,5,0,0,6,21,0,12,0,0,2,2,0,35,20,268,Q4,2023
FRSC138,Niger,108,1,5,2,2,0,0,10,0,0,3,0,0,0,0,2,1,0,134,Q4,2023
FRSC139,Ogun,265,0,34,5,5,1,0,14,11,0,22,1,3,0,0,0,1,18,380,Q4,2023
FRSC140,Ondo,81,0,7,1,2,0,1,14,14,0,8,0,1,0,1,3,2,0,135,Q4,2023
FRSC141,Osun,84,0,12,4,7,2,0,10,2,4,13,1,1,0,4,2,0,0,146,Q4,2023
FRSC142,Oyo,122,0,8,4,22,4,1,14,6,2,8,0,0,0,0,3,0,0,194,Q4,2023
FRSC143,Plateau,39,0,1,2,21,0,0,4,5,0,3,0,0,0,0,2,0,1,78,Q4,2023
FRSC144,Rivers,10,0,0,0,3,0,0,1,1,0,2,0,0,0,0,0,0,0,17,Q4,2023
FRSC145,Sokoto,12,0,1,0,2,1,0,6,2,0,2,0,0,0,0,0,0,0,26,Q4,2023
FRSC146,Taraba,13,0,1,3,1,0,0,2,11,4,1,1,0,0,0,0,4,0,41,Q4,2023
FRSC147,Yobe,26,0,9,0,0,2,0,6,10,0,3,0,0,0,0,0,0,16,72,Q4,2023
FRSC148,Zamfara,17,0,0,0,0,0,0,0,0,0,0,0,0,0,0,0,4,0,21,Q4,2023
FRSC149,Abia,6,0,5,0,3,0,0,2,0,0,0,0,0,0,0,0,1,0,17,Q1,2024
FRSC150,Adamawa,29,0,4,2,0,1,0,1,2,0,0,3,0,0,0,0,0,0,42,Q1,2024
FRSC151,Akwa Ibom,5,0,0,0,1,0,0,7,0,0,0,0,0,0,0,0,0,0,13,Q1,2024
FRSC152,Anambra,17,0,0,0,10,4,0,1,1,0,0,1,0,0,0,2,0,0,36,Q1,2024
FRSC153,Bauchi,67,0,23,3,5,4,0,5,9,4,3,0,0,0,,1,0,0,124,Q1,2024
FRSC154,Bayelsa,13,0,2,0,1,1,0,1,1,0,2,0,0,0,0,0,0,0,21,Q1,2024
FRSC155,Benue,62,0,8,2,0,4,0,11,6,1,1,1,1,2,0,0,0,2,101,Q1,2024
FRSC156,Borno,19,0,1,2,0,0,0,6,4,0,0,0,0,0,0,0,10,0,42,Q1,2024
FRSC157,Cross River,25,0,0,1,4,0,0,6,1,0,1,0,0,0,0,0,0,0,38,Q1,2024
FRSC158,Delta,26,1,5,0,3,0,0,4,0,0,3,0,0,0,0,0,2,0,44,Q1,2024
FRSC159,Ebonyi,22,0,7,2,1,0,0,1,1,0,0,0,0,0,0,0,1,0,35,Q1,2024
FRSC160,Edo,46,0,3,0,13,0,0,6,0,0,0,2,0,0,0,2,0,1,73,Q1,2024
FRSC161,Ekiti,27,0,0,0,0,0,0,0,0,0,0,0,1,2,0,0,2,1,33,Q1,2024
FRSC162,Enugu,39,0,0,0,6,0,0,1,1,0,2,1,0,0,0,0,0,0,50,Q1,2024
FRSC163,FCT,280,0,18,3,6,0,0,2,11,0,23,3,0,0,0,2,18,2,368,Q1,2024
FRSC164,Gombe,46,0,5,4,8,2,0,5,13,0,3,1,0,0,0,0,1,0,88,Q1,2024
FRSC165,Imo,25,0,1,1,0,0,0,0,1,0,0,0,0,0,0,0,0,0,28,Q1,2024
FRSC166,Jigawa,104,0,11,1,1,4,0,9,7,0,2,11,0,0,0,1,0,4,155,Q1,2024
FRSC167,Kaduna,96,1,13,6,0,2,0,18,13,0,20,2,0,1,0,6,1,2,181,Q1,2024
FRSC168,Kano,44,0,2,0,0,1,0,3,5,0,2,0,0,0,0,0,3,6,66,Q1,2024
FRSC169,Katsina,33,0,4,0,0,4,0,1,1,0,3,2,0,0,0,0,0,2,50,Q1,2024
FRSC170,Kebbi,29,0,0,0,0,2,0,0,3,0,0,0,0,0,0,0,0,0,34,Q1,2024
FRSC171,Kogi,126,1,21,6,11,0,0,22,0,0,3,0,0,1,0,1,0,1,193,Q1,2024
FRSC172,Kwara,63,1,6,8,2,2,0,19,3,0,0,0,0,0,0,0,3,2,109,Q1,2024
FRSC173,Lagos,71,0,1,8,6,0,0,5,4,0,8,2,0,1,0,0,0,5,111,Q1,2024
FRSC174,Nasarawa,167,0,7,2,6,2,0,4,26,1,10,1,1,2,1,0,7,5,242,Q1,2024
FRSC175,Niger,140,0,6,4,0,1,1,8,2,2,6,0,0,0,2,3,5,2,182,Q1,2024
FRSC176,Ogun,261,0,34,12,2,0,0,16,8,0,18,1,3,0,0,0,1,9,365,Q1,2024
FRSC177,Ondo,80,0,6,3,8,2,0,22,15,0,8,0,1,0,0,1,0,0,146,Q1,2024
FRSC178,Osun,71,0,10,6,4,0,0,7,5,3,15,0,1,0,0,1,0,0,123,Q1,2024
FRSC179,Oyo,84,0,8,3,8,1,1,8,1,3,3,0,0,0,0,2,0,0,122,Q1,2024
FRSC180,Plateau,48,0,5,7,14,0,0,4,8,0,1,4,0,1,0,0,0,6,98,Q1,2024
FRSC181,Rivers,17,0,1,0,2,0,0,0,0,0,1,0,0,0,0,0,0,0,21,Q1,2024
FRSC182,Sokoto,41,0,0,1,0,0,1,2,6,0,0,1,0,0,0,0,0,0,52,Q1,2024
FRSC183,Taraba,17,0,3,0,2,3,0,0,9,0,3,1,0,0,0,0,0,0,38,Q1,2024
FRSC184,Yobe,38,0,4,1,0,6,0,0,5,0,1,0,0,0,0,0,0,0,55,Q1,2024
FRSC185,Zamfara,14,0,0,0,0,0,0,2,0,0,0,0,0,0,0,0,0,0,16,Q1,2024
FRSC186,Abia,6,0,9,2,0,2,1,2,0,0,0,0,0,0,0,0,0,0,22,Q2,2024
FRSC187,Adamawa,24,0,1,0,1,3,0,1,0,0,2,0,12,0,0,0,0,0,44,Q2,2024
FRSC188,Akwa Ibom,8,0,1,0,0,0,1,0,0,1,0,0,2,0,0,0,0,0,13,Q2,2024
FRSC189,Anambra,12,0,0,0,1,7,5,0,0,0,0,0,0,2,0,0,0,1,28,Q2,2024
FRSC190,Bauchi,37,0,13,14,0,1,3,1,0,0,5,1,1,1,0,0,0,0,77,Q2,2024
FRSC191,Bayelsa,3,0,1,3,1,0,1,0,0,0,0,0,0,0,0,0,0,0,9,Q2,2024
FRSC192,Benue,25,0,11,4,2,4,2,2,0,0,12,2,1,0,0,0,0,1,66,Q2,2024
FRSC193,Borno,4,0,1,0,2,0,0,0,0,1,0,0,1,1,0,0,0,1,11,Q2,2024
FRSC194,Cross River,11,0,0,2,0,0,4,0,0,3,0,0,0,0,0,0,0,0,20,Q2,2024
FRSC195,Delta,17,0,7,0,0,2,6,0,0,0,0,0,6,0,1,0,0,1,40,Q2,2024
FRSC196,Ebonyi,4,0,2,6,0,0,0,0,0,1,1,0,0,0,0,0,0,0,14,Q2,2024
FRSC197,Edo,25,0,7,29,1,0,8,0,0,1,0,7,0,0,0,0,0,0,78,Q2,2024
FRSC198,Ekiti,12,0,0,13,2,2,2,0,0,0,0,0,1,0,0,0,0,1,33,Q2,2024
FRSC199,Enugu,24,0,2,7,0,4,14,0,0,0,0,0,2,0,0,0,0,0,53,Q2,2024
FRSC200,FCT,175,0,12,72,1,2,3,3,3,0,15,0,13,3,0,0,0,1,303,Q2,2024
FRSC201,Gombe,36,0,7,5,4,0,3,3,0,1,7,0,4,1,0,0,0,0,71,Q2,2024
FRSC202,Imo,5,0,1,0,1,3,1,0,0,0,0,0,0,0,0,0,0,0,11,Q2,2024
FRSC203,Jigawa,40,0,4,30,0,6,0,0,0,0,4,0,1,8,0,0,0,0,93,Q2,2024
FRSC204,Kaduna,90,0,9,1,3,6,1,3,2,1,9,1,13,2,0,0,1,2,144,Q2,2024
FRSC205,Kano,30,0,2,26,0,1,0,3,0,1,2,0,4,0,0,0,0,1,70,Q2,2024
FRSC206,Katsina,20,0,0,7,0,0,0,0,0,2,0,0,2,0,0,0,0,0,31,Q2,2024
FRSC207,Kebbi,10,0,0,12,0,1,0,0,0,0,1,0,0,0,0,0,0,0,24,Q2,2024
FRSC208,Kogi,76,0,11,1,2,17,7,0,0,0,0,1,7,0,4,0,0,0,126,Q2,2024
FRSC209,Kwara,31,0,1,9,4,8,0,1,0,0,1,0,1,1,0,0,3,0,60,Q2,2024
FRSC210,Lagos,80,0,1,12,14,11,9,0,0,0,2,0,7,2,0,0,2,3,143,Q2,2024
FRSC211,Nasarawa,98,1,12,39,1,3,4,3,0,1,18,0,15,1,0,0,0,1,197,Q2,2024
FRSC212,Niger,77,0,6,35,1,12,1,0,0,8,2,0,3,0,0,1,0,0,146,Q2,2024
FRSC213,Ogun,122,0,16,93,19,7,7,1,0,1,4,1,24,1,4,0,1,5,306,Q2,2024
FRSC214,Ondo,63,2,5,48,0,8,1,0,0,0,8,1,3,0,0,0,0,0,139,Q2,2024
FRSC215,Osun,56,0,8,30,4,7,0,0,0,1,4,1,13,0,0,1,0,1,126,Q2,2024
FRSC216,Oyo,93,0,13,78,1,8,8,2,0,1,0,2,8,0,1,2,0,1,218,Q2,2024
FRSC217,Plateau,21,0,1,22,3,3,11,1,0,0,9,0,0,0,0,0,0,1,72,Q2,2024
FRSC218,Rivers,8,0,0,3,0,0,1,0,0,0,0,0,2,0,0,0,0,0,14,Q2,2024
FRSC219,Sokoto,13,0,1,18,3,3,0,1,0,0,4,0,1,0,0,0,0,0,44,Q2,2024
FRSC220,Taraba,12,0,5,4,0,2,1,0,0,0,11,0,1,0,0,0,0,0,36,Q2,2024
FRSC221,Yobe,20,0,5,9,0,1,0,2,0,0,7,0,0,0,0,0,0,0,44,Q2,2024
FRSC222,Zamfara,8,0,0,5,0,0,1,0,0,4,0,0,3,0,0,0,0,0,21,Q2,2024
FRSC223,Abia,4,0,4,0,1,2,0,0,0,0,0,0,0,0,0,0,2,1,21,Q3,2024
FRSC224,Adamawa,16,1,2,0,0,0,0,4,0,0,11,1,0,0,0,0,1,0,43,Q3,2024
FRSC225,Akwa Ibom,6,0,0,0,1,0,0,1,0,0,0,0,0,0,0,0,0,0,9,Q3,2024
FRSC226,Anambra,4,0,2,1,8,0,0,0,0,0,1,0,0,0,0,0,2,0,24,Q3,2024
FRSC227,Bauchi,22,0,8,0,0,3,0,1,4,2,2,2,0,0,0,0,0,0,59,Q3,2024
FRSC228,Bayelsa,2,0,1,0,1,0,0,0,1,0,1,0,0,0,0,0,0,1,8,Q3,2024
FRSC229,Benue,29,0,2,1,1,0,0,0,5,2,1,0,0,1,0,0,0,0,47,Q3,2024
FRSC230,Borno,5,0,0,2,0,2,2,0,0,0,2,4,0,0,0,0,0,0,21,Q3,2024
FRSC231,Cross River,9,0,0,0,1,0,0,4,0,0,1,0,0,0,0,0,1,0,17,Q3,2024
FRSC232,Delta,11,0,0,0,1,0,0,1,0,0,7,0,1,0,0,1,1,1,31,Q3,2024
FRSC233,Ebonyi,11,0,5,0,0,0,0,1,0,0,0,0,0,0,0,0,0,0,21,Q3,2024
FRSC234,Edo,12,0,2,3,4,0,0,2,0,1,3,3,0,0,0,0,1,2,53,Q3,2024
FRSC235,Ekiti,13,0,1,1,0,1,0,0,1,1,1,0,0,0,0,0,0,0,31,Q3,2024
FRSC236,Enugu,17,0,1,1,6,0,0,0,2,0,2,0,0,0,0,0,0,8,49,Q3,2024
FRSC237,FCT,115,2,10,12,4,0,2,4,5,0,13,2,0,0,0,0,5,1,261,Q3,2024
FRSC238,Gombe,33,1,5,4,5,0,0,0,2,2,0,2,0,0,0,0,1,1,66,Q3,2024
FRSC239,Imo,4,0,0,0,7,0,0,0,2,0,0,0,0,0,0,0,0,0,15,Q3,2024
FRSC240,Jigawa,72,2,15,1,3,10,0,2,14,0,3,3,1,0,0,0,3,3,193,Q3,2024
FRSC241,Kaduna,64,0,23,2,0,1,1,1,0,2,16,1,0,0,0,9,0,4,131,Q3,2024
FRSC242,Kano,16,1,0,0,3,1,0,2,0,0,4,1,0,0,0,0,2,1,48,Q3,2024
FRSC243,Katsina,13,0,0,0,0,0,0,1,0,0,0,0,0,0,0,0,0,1,22,Q3,2024
FRSC244,Kebbi,18,0,1,1,0,0,0,0,4,0,0,0,0,0,0,0,0,0,34,Q3,2024
FRSC245,Kogi,64,0,12,2,8,4,0,0,3,1,6,0,0,0,0,2,0,0,107,Q3,2024
FRSC246,Kwara,34,0,5,7,0,0,0,0,2,0,0,0,0,0,0,0,0,4,75,Q3,2024
FRSC247,Lagos,55,0,0,6,7,0,0,0,2,0,2,3,0,3,0,1,0,8,107,Q3,2024
FRSC248,Nasarawa,60,1,4,2,0,1,0,0,17,0,8,3,0,1,0,4,7,4,139,Q3,2024
FRSC249,Niger,49,0,5,0,4,1,1,5,6,0,2,1,0,0,0,5,1,0,116,Q3,2024
FRSC250,Ogun,133,0,25,10,6,6,0,1,9,0,10,1,1,1,0,2,2,9,344,Q3,2024
FRSC251,Ondo,34,1,3,3,1,1,0,0,8,0,2,1,1,0,0,0,2,0,92,Q3,2024
FRSC252,Osun,49,0,3,7,2,0,0,0,2,0,11,0,0,0,0,0,0,0,119,Q3,2024
FRSC253,Oyo,81,0,7,4,5,6,0,0,4,5,9,3,1,0,0,0,3,0,208,Q3,2024
FRSC254,Plateau,17,0,2,0,9,2,0,0,3,0,1,2,0,0,0,0,0,4,56,Q3,2024
FRSC255,Rivers,7,0,0,0,1,0,0,0,0,0,1,0,0,1,0,0,0,1,13,Q3,2024
FRSC256,Sokoto,12,1,0,0,0,0,0,0,1,0,3,0,0,0,0,0,0,0,34,Q3,2024
FRSC257,Taraba,5,0,3,1,1,0,0,1,4,2,2,0,0,0,0,0,0,1,31,Q3,2024
FRSC258,Yobe,16,0,9,0,0,4,0,0,6,0,0,1,0,0,0,0,0,1,51,Q3,2024
FRSC259,Zamfara,7,0,0,0,0,1,0,1,0,0,0,0,0,0,0,0,1,0,16,Q3,2024
